id,id_cliente,id_forma_pagamento,data,status,observacoes,desconto_total,data_previsao_entrega
0001,0001,,2025-07-15T16:49:40.400962,producao,,0.0,
0002,0003,,2025-07-15T17:23:12.152502,cancelado,Tiago Ã© que na arte,0.0,
0003,0001,,2025-07-15T17:26:31.337662,rascunho,,0.00,
0004,0001,,2025-07-15T17:28:18.597311,rascunho,,0.00,
0005,0001,,2025-07-15T17:29:14.489452,rascunho,,0.00,
0006,0001,,2025-07-15T17:30:47.457472,rascunho,,0.00,
0007,0001,,2025-07-15T17:32:25.394802,finalizado,,0.0,
0008,0001,,2025-07-15T17:34:07.566112,rascunho,,0.0,
0009,0002,,2025-07-16T09:02:46.356486,rascunho,,0.00,
0010,,,2025-07-16T09:03:58.065805,rascunho,,0.00,
0011,,,2025-07-16T09:15:09.675043,rascunho,,0.00,
0012,0008,,2025-07-16T09:19:51.346340,rascunho,,0.0,
